﻿<?xml version="1.0" encoding="UTF-8" standalone="yes"?>
<addon id="plugin.video.mobdro"
	name="Mobdro"
	version="1.03"
	provider-name="AddonHacker">
  <requires>
    <import addon="xbmc.python" version="2.1.0"/>
    <import addon="plugin.video.youtube" version="3.0.0"/>
  </requires>
  <extension point="xbmc.python.pluginsource" library="default.py">
    <provides>video</provides>
  </extension>
  <extension point="xbmc.addon.metadata">
    <summary lang="en">Mobdro</summary>
    <description lang="en">Watch Mobdro content</description>
    <platform>all</platform>
  </extension>
</addon>
